patientid,age
/5datasets/0.0.87.8.1713.6.1.23.10210.4582861082553660867780075.5.5.3/cat12/0.0.87.8.1713.6.1.23.10210.4582861082553660867780075.5.5.3CFN.nii,70.0
/5datasets/0.2.11.9.7340.7.2.83.50880.1845088461681284655242267.2.1.6/cat12/0.2.11.9.7340.7.2.83.50880.1845088461681284655242267.2.1.6CFN.nii,76.0
/5datasets/0.2.56.6.0195.4.3.23.93667.0797204868271712351488797.8.1.1/cat12/0.2.56.6.0195.4.3.23.93667.0797204868271712351488797.8.1.1CFN.nii,63.0
/5datasets/0.3.80.4.9784.6.7.96.04302.660643234232056940111625.4.8.7/cat12/0.3.80.4.9784.6.7.96.04302.660643234232056940111625.4.8.7CFN.nii,55.0
/5datasets/0.6.28.6.4380.4.0.73.39892.9879354424496437334673944.3.0.6/cat12/0.6.28.6.4380.4.0.73.39892.9879354424496437334673944.3.0.6CFN.nii,62.0
/5datasets/1.0.57.1.7013.8.4.35.67247.5480294171775796272108329.1.7.3/cat12/1.0.57.1.7013.8.4.35.67247.5480294171775796272108329.1.7.3CFN.nii,77.0
/5datasets/1.2.36.7.3370.2.7.23.29301.3033682168633475124720639.6.4.3/cat12/1.2.36.7.3370.2.7.23.29301.3033682168633475124720639.6.4.3CFN.nii,69.0
/5datasets/1.2.840.113619.2.207.3596.10291618.11958.1241844649.416/cat12/1.2.840.113619.2.207.3596.10291618.11958.1241844649.416CFN.nii,60.0
/5datasets/1.2.840.113619.2.207.3596.10291618.12035.1212107971.668/cat12/1.2.840.113619.2.207.3596.10291618.12035.1212107971.668CFN.nii,58.0